SQL> SET PAGES 200 LINES 200
SQL> SELECT *
  2  FROM EMP;

     EMPNO ENAME      JOB              MGR HIREDATE         SAL       COMM     DEPTNO                                                                                                                   
---------- ---------- --------- ---------- --------- ---------- ---------- ----------                                                                                                                   
      7369 SMITH      CLERK           7902 17-DEC-80        800                    20                                                                                                                   
      7499 ALLEN      SALESMAN        7698 20-FEB-81       1600        300         30                                                                                                                   
      7521 WARD       SALESMAN        7698 22-FEB-81       1250        500         30                                                                                                                   
      7566 JONES      MANAGER         7839 02-APR-81       2975                    20                                                                                                                   
      7654 MARTIN     SALESMAN        7698 28-SEP-81       1250       1400         30                                                                                                                   
      7698 BLAKE      MANAGER         7839 01-MAY-81       2850                    30                                                                                                                   
      7782 CLARK      MANAGER         7839 09-JUN-81       2450                    10                                                                                                                   
      7788 SCOTT      ANALYST         7566 19-APR-87       3000                    20                                                                                                                   
      7839 KING       PRESIDENT            17-NOV-81       5000                    10                                                                                                                   
      7844 TURNER     SALESMAN        7698 08-SEP-81       1500          0         30                                                                                                                   
      7876 ADAMS      CLERK           7788 23-MAY-87       1100                    20                                                                                                                   
      7900 JAMES      CLERK           7698 03-DEC-81        950                    30                                                                                                                   
      7902 FORD       ANALYST         7566 03-DEC-81       3000                    20                                                                                                                   
      7934 MILLER     CLERK           7782 23-JAN-82       1300                    10                                                                                                                   

14 rows selected.


  1  SELECT COUNT(*),JOB
  2  FROM EMP
  3  WHERE JOB!='PRESIDENT'
  4* GROUP BY JOB
SQL>

  COUNT(*) JOB                                                                                                                                                                                          
---------- ---------                                                                                                                                                                                    
         4 CLERK                                                                                                                                                                                        
         4 SALESMAN                                                                                                                                                                                     
         3 MANAGER                                                                                                                                                                                      
         2 ANALYST                                                                                                                                                                                      

 

SQL> 

  1  SELECT COUNT(SAL),JOB
  2  FROM EMP
  3* GROUP BY JOB
SQL> 

COUNT(SAL) JOB                                                                                                                                                                                          
---------- ---------                                                                                                                                                                                    
         4 CLERK                                                                                                                                                                                        
         4 SALESMAN                                                                                                                                                                                     
         1 PRESIDENT                                                                                                                                                                                    
         3 MANAGER                                                                                                                                                                                      
         2 ANALYST                                                                                                                                                                                      

SQL>
  1  SELECT SUM(SAL),JOB
  2  FROM EMP
  3* GROUP BY JOB
SQL> /

  SUM(SAL) JOB                                                                                                                                                                                          
---------- ---------                                                                                                                                                                                    
      4150 CLERK                                                                                                                                                                                        
      5600 SALESMAN                                                                                                                                                                                     
      5000 PRESIDENT                                                                                                                                                                                    
      8275 MANAGER                                                                                                                                                                                      
      6000 ANALYST                                                                                                                                                                                      

SQL> 
  1  SELECT  COUNT(*),DEPTNO
  2  FROM EMP
  3  WHERE JOB='MANAGER'
  4* GROUP BY DEPTNO
SQL> /

  COUNT(*)     DEPTNO                                                                                                                                                                                   
---------- ----------                                                                                                                                                                                   
         1         30                                                                                                                                                                                   
         1         20                                                                                                                                                                                   
         1         10                                                                                                                                                                                   


SQL> SELECT AVG(SAL),DEPTNO
  2  FROM EMP
  3  WHERE DEPTNO!=20
  4  GROUP BY DEPTNO;

  AVG(SAL)     DEPTNO                                                                                                                                                                                   
---------- ----------                                                                                                                                                                                   
1566.66667         30                                                                                                                                                                                   
2916.66667         10                                                                                                                                                                                   

SQL> SELECT COUNT(*),JOB
  2  FROM EMP
  3  WHERE JOB

SQL> SELECT COUNT(ENAME),JOB
  2  FROM EMP
  3  WHERE ENAME LIKE '%A%'
  4  GROUP BY JOB;

COUNT(ENAME) JOB                                                                                                                                                                                        
------------ ---------                                                                                                                                                                                  
           3 SALESMAN                                                                                                                                                                                   
           2 CLERK                                                                                                                                                                                      
           2 MANAGER                                                                                                                                                                                    

SQL> SELECT COUNT(*),AVG(SAL)
  2  FROM EMP
  3  WHERE SAL >2000
  4  GROUP BY DEPTNO;

  COUNT(*)   AVG(SAL)                                                                                                                                                                                   
---------- ----------                                                                                                                                                                                   
         1       2850                                                                                                                                                                                   
         3 2991.66667                                                                                                                                                                                   
         2       3725                                                                                                                                                                                   

SQL>
  1  SELECT SUM(SAL),COUNT(JOB),DEPTNO
  2  FROM EMP
  3  WHERE JOB = 'SALESMAN'
  4* GROUP BY DEPTNO
SQL> /

  SUM(SAL) COUNT(JOB)     DEPTNO                                                                                                                                                                        
---------- ---------- ----------                                                                                                                                                                        
      5600          4         30                                                                                                                                                                        

SQL> SELECT COUNT(*),MAX(SAL),JOB
  2  FROM EMP
  3  GROUP BY JOB;

  COUNT(*)   MAX(SAL) JOB                                                                                                                                                                               
---------- ---------- ---------                                                                                                                                                                         
         4       1300 CLERK                                                                                                                                                                             
         4       1600 SALESMAN                                                                                                                                                                          
         1       5000 PRESIDENT                                                                                                                                                                         
         3       2975 MANAGER                                                                                                                                                                           
         2       3000 ANALYST                                                                                                                                                                           

SQL> SELECT MAX(SAL),DEPTNO
  2  FROM EMP
  3  GROUP BY DEPTNO;

  MAX(SAL)     DEPTNO                                                                                                                                                                                   
---------- ----------                                                                                                                                                                                   
      2850         30                                                                                                                                                                                   
      3000         20                                                                                                                                                                                   
      5000         10                                                                                                                                                                                   

SQL> SELECT SAL,COUNT(*)
  2  FROM EMP
  3  GROUP BY SAL
  4  ORDER BY COUNT(*) DESC;

       SAL   COUNT(*)                                                                                                                                                                                   
---------- ----------                                                                                                                                                                                   
      1250          2                                                                                                                                                                                   
      3000          2                                                                                                                                                                                   
      1300          1                                                                                                                                                                                   
      2850          1                                                                                                                                                                                   
       950          1                                                                                                                                                                                   
      1100          1                                                                                                                                                                                   
       800          1                                                                                                                                                                                   
      1600          1                                                                                                                                                                                   
      1500          1                                                                                                                                                                                   
      5000          1                                                                                                                                                                                   
      2450          1                                                                                                                                                                                   
      2975          1                                                                                                                                                                                   

12 rows selected.

SQL> SPOOL OFF
