SQL> SELECT *
  2  FROM EMP;

     EMPNO ENAME      JOB              MGR HIREDATE         SAL       COMM     DEPTNO                                                                                                                   
---------- ---------- --------- ---------- --------- ---------- ---------- ----------                                                                                                                   
      7369 SMITH      CLERK           7902 17-DEC-80        800                    20                                                                                                                   
      7499 ALLEN      SALESMAN        7698 20-FEB-81       1600        300         30                                                                                                                   
      7521 WARD       SALESMAN        7698 22-FEB-81       1250        500         30                                                                                                                   
      7566 JONES      MANAGER         7839 02-APR-81       2975                    20                                                                                                                   
      7654 MARTIN     SALESMAN        7698 28-SEP-81       1250       1400         30                                                                                                                   
      7698 BLAKE      MANAGER         7839 01-MAY-81       2850                    30                                                                                                                   
      7782 CLARK      MANAGER         7839 09-JUN-81       2450                    10                                                                                                                   
      7788 SCOTT      ANALYST         7566 19-APR-87       3000                    20                                                                                                                   
      7839 KING       PRESIDENT            17-NOV-81       5000                    10                                                                                                                   
      7844 TURNER     SALESMAN        7698 08-SEP-81       1500          0         30                                                                                                                   
      7876 ADAMS      CLERK           7788 23-MAY-87       1100                    20                                                                                                                   
      7900 JAMES      CLERK           7698 03-DEC-81        950                    30                                                                                                                   
      7902 FORD       ANALYST         7566 03-DEC-81       3000                    20                                                                                                                   
      7934 MILLER     CLERK           7782 23-JAN-82       1300                    10                                                                                                                   

14 rows selected.


SQL> SELECT DEPTNO,COUNT(*)
  2  FROM EMP
  3  WHERE JOB='CLERK'
  4  GROUP BY DEPTNO
  5  HAVING COUNT(*)<=3;

    DEPTNO   COUNT(*)                                                                                                                                                                                   
---------- ----------                                                                                                                                                                                   
        30          1                                                                                                                                                                                   
        20          2                                                                                                                                                                                   
        10          1                                                                                                                                                                                   

SQL> EDIT
Wrote file afiedt.buf

  1  SELECT DEPTNO,COUNT(*)
  2  FROM EMP
  3  WHERE JOB='CLERK'
  4  GROUP BY DEPTNO
  5* HAVING COUNT(*)>=3
SQL> /

no rows selected

 
SQL> SELECT DEPTNO,SUM(SAL)
  2  FROM EMP
  3  GROUP BY DEPTNO
  4  HAVING SUM(SAL)>=4;

    DEPTNO   SUM(SAL)                                                                                                                                                                                   
---------- ----------                                                                                                                                                                                   
        30       9400                                                                                                                                                                                   
        20      10875                                                                                                                                                                                   
        10       8750                                                                                                                                                                                   

SQL> EDIT
Wrote file afiedt.buf

  1  SELECT DEPTNO,SUM(SAL)
  2  FROM EMP
  3  GROUP BY DEPTNO
  4* HAVING COUNT(SAL)>=4
SQL> /

    DEPTNO   SUM(SAL)                                                                                                                                                                                   
---------- ----------                                                                                                                                                                                   
        30       9400                                                                                                                                                                                   
        20      10875                                                                                                                                                                                   


  1  SELECT DEPTNO,COUNT(*)
  2  FROM EMP
  3  GROUP BY DEPTNO
  4* HAVING COUNT(*)>=4
SQL> /

    DEPTNO   COUNT(*)                                                                                                                                                                                   
---------- ----------                                                                                                                                                                                   
        30          6                                                                                                                                                                                   
        20          5                                                                                                                                                                                   


  1  SELECT DEPTNO,SUM(SAL)
  2  FROM EMP
  3  GROUP BY DEPTNO
  4* HAVING COUNT(*)>=4
SQL> /

    DEPTNO   SUM(SAL)                                                                                                                                                                                   
---------- ----------                                                                                                                                                                                   
        30       9400                                                                                                                                                                                   
        20      10875                                                                                                                                                                                   



SQL> EDIT
Wrote file afiedt.buf

  1  SELECT COUNT(*)
  2  FROM EMP
  3  WHERE SAL>1200
  4  GROUP BY JOB
  5* HAVING SUM(SAL)>3801
SQL> /

  COUNT(*)                                                                                                                                                                                              
----------                                                                                                                                                                                              
         4                                                                                                                                                                                              
         1                                                                                                                                                                                              
         3                                                                                                                                                                                              
         2                                                                                                                                                                                              

SQL> 
  1  SELECT DEPTNO,COUNT(*)
  2  FROM EMP
  3  WHERE JOB='MANAGER'
  4  GROUP BY DEPTNO
  5* HAVING COUNT(*)=2
SQL> /

no rows selected

SQL> SELECT JOB,MAX(SAL)
  2  FROM EMP
  3  GROUP BY JOB
  4  HAVING MAX(SAL)>2601;

JOB         MAX(SAL)                                                                                                                                                                                    
--------- ----------                                                                                                                                                                                    
PRESIDENT       5000                                                                                                                                                                                    
MANAGER         2975                                                                                                                                                                                    
ANALYST         3000                                                                                                                                                                                    

SQL> 
  1  SELECT  SAL
  2  FROM EMP
  3  GROUP BY SAL
  4* HAVING COUNT(SAL)=2
SQL> /

       SAL                                                                                                                                                                                              
----------                                                                                                                                                                                              
      1250                                                                                                                                                                                              
      3000                                                                                                                                                                                              

SQL>
  1  SELECT HIREDATE
  2  FROM EMP
  3  GROUP BY HIREDATE
  4* HAVING COUNT(HIREDATE)=2
SQL> /

HIREDATE                                                                                                                                                                                                
---------                                                                                                                                                                                               
03-DEC-81                                                                                                                                                                                               

SQL>
  1  SELECT AVG(SAL)
  2  FROM EMP
  3  GROUP BY SAL
  4* HAVING AVG(SAL)<3001
SQL> /

  AVG(SAL)                                                                                                                                                                                              
----------                                                                                                                                                                                              
      2450                                                                                                                                                                                              
      1300                                                                                                                                                                                              
      1250                                                                                                                                                                                              
      2850                                                                                                                                                                                              
      2975                                                                                                                                                                                              
      1100                                                                                                                                                                                              
      3000                                                                                                                                                                                              
       800                                                                                                                                                                                              
      1600                                                                                                                                                                                              
      1500                                                                                                                                                                                              
       950                                                                                                                                                                                              

11 rows selected.

SQL> EDIT
Wrote file afiedt.buf

  1  SELECT AVG(SAL)
  2  FROM EMP
  3  GROUP BY DEPTNO
  4* HAVING AVG(SAL)<3001
SQL> /

  AVG(SAL)                                                                                                                                                                                              
----------                                                                                                                                                                                              
1566.66667                                                                                                                                                                                              
      2175                                                                                                                                                                                              
2916.66667                                                                                                                                                                                              

SQL> EDIT
Wrote file afiedt.buf

  1  SELECT MIN(SAL),MAX(SAL)
  2  FROM EMP
  3  GROUP BY JOB
  4* HAVING MIN(SAL)>1000 AND MAX(SAL)<5000
SQL> //

  MIN(SAL)   MAX(SAL)                                                                                                                                                                                   
---------- ----------                                                                                                                                                                                   
      1250       1600                                                                                                                                                                                   
      2450       2975                                                                                                                                                                                   
      3000       3000                                                                                                                                                                                   






SQL> EDIT
Wrote file afiedt.buf

  1  SELECT DEPTNO,COUNT(*)
  2  FROM EMP
  3  WHERE ENAME LIKE '%A%' OR ENAME LIKE '%S%'
  4  GROUP BY DEPTNO
  5* HAVING COUNT(*)>=3
SQL> /

    DEPTNO   COUNT(*)                                                                                                                                                                                   
---------- ----------                                                                                                                                                                                   
        30          5                                                                                                                                                                                   
        20          4                                                                                                                                                                                   

SQL> SPOOL OF
