SQL> SET PAGES 200 LINES 200;
SQL> SELECT *
  2  FROM EMP;

     EMPNO ENAME      JOB              MGR HIREDATE         SAL       COMM     DEPTNO                                                                                                                   
---------- ---------- --------- ---------- --------- ---------- ---------- ----------                                                                                                                   
      7369 SMITH      CLERK           7902 17-DEC-80        800                    20                                                                                                                   
      7499 ALLEN      SALESMAN        7698 20-FEB-81       1600        300         30                                                                                                                   
      7521 WARD       SALESMAN        7698 22-FEB-81       1250        500         30                                                                                                                   
      7566 JONES      MANAGER         7839 02-APR-81       2975                    20                                                                                                                   
      7654 MARTIN     SALESMAN        7698 28-SEP-81       1250       1400         30                                                                                                                   
      7698 BLAKE      MANAGER         7839 01-MAY-81       2850                    30                                                                                                                   
      7782 CLARK      MANAGER         7839 09-JUN-81       2450                    10                                                                                                                   
      7788 SCOTT      ANALYST         7566 19-APR-87       3000                    20                                                                                                                   
      7839 KING       PRESIDENT            17-NOV-81       5000                    10                                                                                                                   
      7844 TURNER     SALESMAN        7698 08-SEP-81       1500          0         30                                                                                                                   
      7876 ADAMS      CLERK           7788 23-MAY-87       1100                    20                                                                                                                   
      7900 JAMES      CLERK           7698 03-DEC-81        950                    30                                                                                                                   
      7902 FORD       ANALYST         7566 03-DEC-81       3000                    20                                                                                                                   
      7934 MILLER     CLERK           7782 23-JAN-82       1300                    10                                                                                                                   

14 rows selected.

SQL> SELECT SAL*12 "ANNUAL SALARY"
  2  FROM EMP
  3  ;

ANNUAL SALARY                                                                                                                                                                                           
-------------                                                                                                                                                                                           
         9600                                                                                                                                                                                           
        19200                                                                                                                                                                                           
        15000                                                                                                                                                                                           
        35700                                                                                                                                                                                           
        15000                                                                                                                                                                                           
        34200                                                                                                                                                                                           
        29400                                                                                                                                                                                           
        36000                                                                                                                                                                                           
        60000                                                                                                                                                                                           
        18000                                                                                                                                                                                           
        13200                                                                                                                                                                                           
        11400                                                                                                                                                                                           
        36000                                                                                                                                                                                           
        15600                                                                                                                                                                                           

14 rows selected.

SQL> SELECT ENAME,JOB,SAL*6 "HALF TERM SALARY"
  2  FROM EMP;

ENAME      JOB       HALF TERM SALARY                                                                                                                                                                   
---------- --------- ----------------                                                                                                                                                                   
SMITH      CLERK                 4800                                                                                                                                                                   
ALLEN      SALESMAN              9600                                                                                                                                                                   
WARD       SALESMAN              7500                                                                                                                                                                   
JONES      MANAGER              17850                                                                                                                                                                   
MARTIN     SALESMAN              7500                                                                                                                                                                   
BLAKE      MANAGER              17100                                                                                                                                                                   
CLARK      MANAGER              14700                                                                                                                                                                   
SCOTT      ANALYST              18000                                                                                                                                                                   
KING       PRESIDENT            30000                                                                                                                                                                   
TURNER     SALESMAN              9000                                                                                                                                                                   
ADAMS      CLERK                 6600                                                                                                                                                                   
JAMES      CLERK                 5700                                                                                                                                                                   
FORD       ANALYST              18000                                                                                                                                                                   
MILLER     CLERK                 7800                                                                                                                                                                   

14 rows selected.

SQL> SELECT EMP.*,(SAL*12)+2000 "BONOUS SALARY"
  2  FROM EMP;

     EMPNO ENAME      JOB              MGR HIREDATE         SAL       COMM     DEPTNO BONOUS SALARY                                                                                                     
---------- ---------- --------- ---------- --------- ---------- ---------- ---------- -------------                                                                                                     
      7369 SMITH      CLERK           7902 17-DEC-80        800                    20         11600                                                                                                     
      7499 ALLEN      SALESMAN        7698 20-FEB-81       1600        300         30         21200                                                                                                     
      7521 WARD       SALESMAN        7698 22-FEB-81       1250        500         30         17000                                                                                                     
      7566 JONES      MANAGER         7839 02-APR-81       2975                    20         37700                                                                                                     
      7654 MARTIN     SALESMAN        7698 28-SEP-81       1250       1400         30         17000                                                                                                     
      7698 BLAKE      MANAGER         7839 01-MAY-81       2850                    30         36200                                                                                                     
      7782 CLARK      MANAGER         7839 09-JUN-81       2450                    10         31400                                                                                                     
      7788 SCOTT      ANALYST         7566 19-APR-87       3000                    20         38000                                                                                                     
      7839 KING       PRESIDENT            17-NOV-81       5000                    10         62000                                                                                                     
      7844 TURNER     SALESMAN        7698 08-SEP-81       1500          0         30         20000                                                                                                     
      7876 ADAMS      CLERK           7788 23-MAY-87       1100                    20         15200                                                                                                     
      7900 JAMES      CLERK           7698 03-DEC-81        950                    30         13400                                                                                                     
      7902 FORD       ANALYST         7566 03-DEC-81       3000                    20         38000                                                                                                     
      7934 MILLER     CLERK           7782 23-JAN-82       1300                    10         17600                                                                                                     

14 rows selected.

SQL> SELECT ENAME,SAL,SAL+(SAL*(25/100))
  2  FROM EMP;

ENAME             SAL SAL+(SAL*(25/100))                                                                                                                                                                
---------- ---------- ------------------                                                                                                                                                                
SMITH             800               1000                                                                                                                                                                
ALLEN            1600               2000                                                                                                                                                                
WARD             1250             1562.5                                                                                                                                                                
JONES            2975            3718.75                                                                                                                                                                
MARTIN           1250             1562.5                                                                                                                                                                
BLAKE            2850             3562.5                                                                                                                                                                
CLARK            2450             3062.5                                                                                                                                                                
SCOTT            3000               3750                                                                                                                                                                
KING             5000               6250                                                                                                                                                                
TURNER           1500               1875                                                                                                                                                                
ADAMS            1100               1375                                                                                                                                                                
JAMES             950             1187.5                                                                                                                                                                
FORD             3000               3750                                                                                                                                                                
MILLER           1300               1625                                                                                                                                                                

14 rows selected.

SQL> SELECT SAL+COMM
  2  FROM EMP;

  SAL+COMM                                                                                                                                                                                              
----------                                                                                                                                                                                              
                                                                                                                                                                                                        
      1900                                                                                                                                                                                              
      1750                                                                                                                                                                                              
                                                                                                                                                                                                        
      2650                                                                                                                                                                                              
                                                                                                                                                                                                        
                                                                                                                                                                                                        
                                                                                                                                                                                                        
                                                                                                                                                                                                        
      1500                                                                                                                                                                                              
                                                                                                                                                                                                        
                                                                                                                                                                                                        
                                                                                                                                                                                                        
                                                                                                                                                                                                        

14 rows selected.

SQL> SELECT ENAME,SAL,SAL-(SAL*25/100)
  2  FROM EMP;

ENAME             SAL SAL-(SAL*25/100)                                                                                                                                                                  
---------- ---------- ----------------                                                                                                                                                                  
SMITH             800              600                                                                                                                                                                  
ALLEN            1600             1200                                                                                                                                                                  
WARD             1250            937.5                                                                                                                                                                  
JONES            2975          2231.25                                                                                                                                                                  
MARTIN           1250            937.5                                                                                                                                                                  
BLAKE            2850           2137.5                                                                                                                                                                  
CLARK            2450           1837.5                                                                                                                                                                  
SCOTT            3000             2250                                                                                                                                                                  
KING             5000             3750                                                                                                                                                                  
TURNER           1500             1125                                                                                                                                                                  
ADAMS            1100              825                                                                                                                                                                  
JAMES             950            712.5                                                                                                                                                                  
FORD             3000             2250                                                                                                                                                                  
MILLER           1300              975                                                                                                                                                                  

14 rows selected.

SQL> EDIT
Wrote file afiedt.buf

  1  SELECT ENAME,SAL,SAL-(SAL*(25/100))
  2* FROM EMP
SQL> /

ENAME             SAL SAL-(SAL*(25/100))                                                                                                                                                                
---------- ---------- ------------------                                                                                                                                                                
SMITH             800                600                                                                                                                                                                
ALLEN            1600               1200                                                                                                                                                                
WARD             1250              937.5                                                                                                                                                                
JONES            2975            2231.25                                                                                                                                                                
MARTIN           1250              937.5                                                                                                                                                                
BLAKE            2850             2137.5                                                                                                                                                                
CLARK            2450             1837.5                                                                                                                                                                
SCOTT            3000               2250                                                                                                                                                                
KING             5000               3750                                                                                                                                                                
TURNER           1500               1125                                                                                                                                                                
ADAMS            1100                825                                                                                                                                                                
JAMES             950              712.5                                                                                                                                                                
FORD             3000               2250                                                                                                                                                                
MILLER           1300                975                                                                                                                                                                

14 rows selected.

SQL> SELECT ENAME,SAL+50
  2  FROM EMP;

ENAME          SAL+50                                                                                                                                                                                   
---------- ----------                                                                                                                                                                                   
SMITH             850                                                                                                                                                                                   
ALLEN            1650                                                                                                                                                                                   
WARD             1300                                                                                                                                                                                   
JONES            3025                                                                                                                                                                                   
MARTIN           1300                                                                                                                                                                                   
BLAKE            2900                                                                                                                                                                                   
CLARK            2500                                                                                                                                                                                   
SCOTT            3050                                                                                                                                                                                   
KING             5050                                                                                                                                                                                   
TURNER           1550                                                                                                                                                                                   
ADAMS            1150                                                                                                                                                                                   
JAMES            1000                                                                                                                                                                                   
FORD             3050                                                                                                                                                                                   
MILLER           1350                                                                                                                                                                                   

14 rows selected.

SQL> SELECT ENAME,SAL*12 "ANNUAL SALARY",SAL-(SAL*(10/100))
  2  FROM EMP;

ENAME      ANNUAL SALARY SAL-(SAL*(10/100))                                                                                                                                                             
---------- ------------- ------------------                                                                                                                                                             
SMITH               9600                720                                                                                                                                                             
ALLEN              19200               1440                                                                                                                                                             
WARD               15000               1125                                                                                                                                                             
JONES              35700             2677.5                                                                                                                                                             
MARTIN             15000               1125                                                                                                                                                             
BLAKE              34200               2565                                                                                                                                                             
CLARK              29400               2205                                                                                                                                                             
SCOTT              36000               2700                                                                                                                                                             
KING               60000               4500                                                                                                                                                             
TURNER             18000               1350                                                                                                                                                             
ADAMS              13200                990                                                                                                                                                             
JAMES              11400                855                                                                                                                                                             
FORD               36000               2700                                                                                                                                                             
MILLER             15600               1170                                                                                                                                                             

14 rows selected.

SQL> SELECT EMP.*,SAL*12 ANNUAL_SALARY
  2  FROM EMP;

     EMPNO ENAME      JOB              MGR HIREDATE         SAL       COMM     DEPTNO ANNUAL_SALARY                                                                                                     
---------- ---------- --------- ---------- --------- ---------- ---------- ---------- -------------                                                                                                     
      7369 SMITH      CLERK           7902 17-DEC-80        800                    20          9600                                                                                                     
      7499 ALLEN      SALESMAN        7698 20-FEB-81       1600        300         30         19200                                                                                                     
      7521 WARD       SALESMAN        7698 22-FEB-81       1250        500         30         15000                                                                                                     
      7566 JONES      MANAGER         7839 02-APR-81       2975                    20         35700                                                                                                     
      7654 MARTIN     SALESMAN        7698 28-SEP-81       1250       1400         30         15000                                                                                                     
      7698 BLAKE      MANAGER         7839 01-MAY-81       2850                    30         34200                                                                                                     
      7782 CLARK      MANAGER         7839 09-JUN-81       2450                    10         29400                                                                                                     
      7788 SCOTT      ANALYST         7566 19-APR-87       3000                    20         36000                                                                                                     
      7839 KING       PRESIDENT            17-NOV-81       5000                    10         60000                                                                                                     
      7844 TURNER     SALESMAN        7698 08-SEP-81       1500          0         30         18000                                                                                                     
      7876 ADAMS      CLERK           7788 23-MAY-87       1100                    20         13200                                                                                                     
      7900 JAMES      CLERK           7698 03-DEC-81        950                    30         11400                                                                                                     
      7902 FORD       ANALYST         7566 03-DEC-81       3000                    20         36000                                                                                                     
      7934 MILLER     CLERK           7782 23-JAN-82       1300                    10         15600                                                                                                     

14 rows selected.

SQL> SELECT ENAME,JOB,SAL-100 PENALITY
  2  FROM EMP;

ENAME      JOB         PENALITY                                                                                                                                                                         
---------- --------- ----------                                                                                                                                                                         
SMITH      CLERK            700                                                                                                                                                                         
ALLEN      SALESMAN        1500                                                                                                                                                                         
WARD       SALESMAN        1150                                                                                                                                                                         
JONES      MANAGER         2875                                                                                                                                                                         
MARTIN     SALESMAN        1150                                                                                                                                                                         
BLAKE      MANAGER         2750                                                                                                                                                                         
CLARK      MANAGER         2350                                                                                                                                                                         
SCOTT      ANALYST         2900                                                                                                                                                                         
KING       PRESIDENT       4900                                                                                                                                                                         
TURNER     SALESMAN        1400                                                                                                                                                                         
ADAMS      CLERK           1000                                                                                                                                                                         
JAMES      CLERK            850                                                                                                                                                                         
FORD       ANALYST         2900                                                                                                                                                                         
MILLER     CLERK           1200                                                                                                                                                                         

14 rows selected.

SQL> SPOOL OFF
