SQL>
  1  SELECT ENAME
  2  FROM EMP
  3  WHERE SAL>ALL(SELECT SAL
  4             FROM EMP
  5*            WHERE JOB='SALESMAN');

ENAME                                                                                                                                                                                                   
----------                                                                                                                                                                                              
JONES                                                                                                                                                                                                   
BLAKE                                                                                                                                                                                                   
CLARK                                                                                                                                                                                                   
SCOTT                                                                                                                                                                                                   
KING                                                                                                                                                                                                    
FORD                                                                                                                                                                                                    

6 rows selected.

SQL> SELECT *
  2  FROM EMP
  3  WHERE HIREDATE >ALL(SELECT HIREDATE
  4                     FROM EMP
  5                     WHERE JOB='CLERK');

no rows selected


SQL> SELECT ENAME,HIREDATE
  2  FROM EMP
  3  WHERE HIREDATE<ALL(SELECT HIREDATE
  4                     FROM EMP
  5                     WHERE JOB='MANAGER');

ENAME      HIREDATE                                                                                                                                                                                     
---------- ---------                                                                                                                                                                                    
SMITH      17-DEC-80                                                                                                                                                                                    
ALLEN      20-FEB-81                                                                                                                                                                                    
WARD       22-FEB-81                                                                                                                                                                                    

SQL> SELECT ENAME
  2  FROM EMP
  3  WHERE HIREDATE<ALL(SELECT HIREDATE
  4                     FROM EMP
  5                     WHERE JOB='MANAGER') AND
  6        SAL<ALL(SELECT SAL
  7                FROM EMP
  8                WHERE JOB='CLERK');

no rows selected

SQL> SELECT *
  2  FROM EMP
  3  WHERE JOB='CLERK' AND HIREDATE >ALL(SELECT HIREDATE
  4                                      FROM EMP
  5                                      WHERE JOB='SALESMAN');

     EMPNO ENAME      JOB              MGR HIREDATE         SAL       COMM     DEPTNO                                                                                                                   
---------- ---------- --------- ---------- --------- ---------- ---------- ----------                                                                                                                   
      7876 ADAMS      CLERK           7788 23-MAY-87       1100                    20                                                                                                                   
      7900 JAMES      CLERK           7698 03-DEC-81        950                    30                                                                                                                   
      7934 MILLER     CLERK           7782 23-JAN-82       1300                    10                                                                                                                   

SQL>
  1  SELECT *
  2  FROM EMP
  3* WHERE JOB IN('ACCOUNTING','SALES')
SQL> /

no rows selected

SQL>
  1  SELECT DNAME
  2  FROM DEPT
  3  WHERE DEPTNO IN(SELECT  DEPTNO
  4                  FROM EMP
  5*                 WHERE ENAME IN('SMITH','KING','MILLER'))

DNAME                                                                                                                                                                                                   
--------------                                                                                                                                                                                          
ACCOUNTING                                                                                                                                                                                              
RESEARCH                                                                                                                                                                                                

SQL> 
  1  SELECT *
  2  FROM EMP
  3  WHERE DEPTNO IN(SELECT DEPTNO
  4                  FROM DEPT
  5*                 WHERE LOC IN('NEWYORK','CHICAGO'))

     EMPNO ENAME      JOB              MGR HIREDATE         SAL       COMM     DEPTNO                                                                                                                   
---------- ---------- --------- ---------- --------- ---------- ---------- ----------                                                                                                                   
      7499 ALLEN      SALESMAN        7698 20-FEB-81       1600        300         30                                                                                                                   
      7521 WARD       SALESMAN        7698 22-FEB-81       1250        500         30                                                                                                                   
      7654 MARTIN     SALESMAN        7698 28-SEP-81       1250       1400         30                                                                                                                   
      7698 BLAKE      MANAGER         7839 01-MAY-81       2850                    30                                                                                                                   
      7844 TURNER     SALESMAN        7698 08-SEP-81       1500          0         30                                                                                                                   
      7900 JAMES      CLERK           7698 03-DEC-81        950                    30                                                                                                                   

6 rows selected.

SQL> SELECT ENAME
  2  FROM EMP
  3  WHERE HIREDATE>ALL(SELECT HIREDATE
  4                    FROM EMP
  5                    WHERE DEPTNO=10);

ENAME                                                                                                                                                                                                   
----------                                                                                                                                                                                              
SCOTT                                                                                                                                                                                                   
ADAMS                                                                                                                                                                                                   

SQL> SPOOL OF
