SQL>  SELECT ENAME
  2   FROM EMP
  3   WHERE SAL>(SELECT SAL
  4              FROM EMP
  5              WHERE ENAME='ADAMS');

ENAME                                                                                                                                                                                                   
----------                                                                                                                                                                                              
ALLEN                                                                                                                                                                                                   
WARD                                                                                                                                                                                                    
JONES                                                                                                                                                                                                   
MARTIN                                                                                                                                                                                                  
BLAKE                                                                                                                                                                                                   
CLARK                                                                                                                                                                                                   
SCOTT                                                                                                                                                                                                   
KING                                                                                                                                                                                                    
TURNER                                                                                                                                                                                                  
FORD                                                                                                                                                                                                    
MILLER                                                                                                                                                                                                  

11 rows selected.

SQL> SELECT ENAME,SAL
  2  FROM EMP
  3  WHERE SAL<(SELECT SAL
  4            FROM EMP
  5            WHERE ENAME = 'KING');

ENAME             SAL                                                                                                                                                                                   
---------- ----------                                                                                                                                                                                   
SMITH             800                                                                                                                                                                                   
ALLEN            1600                                                                                                                                                                                   
WARD             1250                                                                                                                                                                                   
JONES            2975                                                                                                                                                                                   
MARTIN           1250                                                                                                                                                                                   
BLAKE            2850                                                                                                                                                                                   
CLARK            2450                                                                                                                                                                                   
SCOTT            3000                                                                                                                                                                                   
TURNER           1500                                                                                                                                                                                   
ADAMS            1100                                                                                                                                                                                   
JAMES             950                                                                                                                                                                                   
FORD             3000                                                                                                                                                                                   
MILLER           1300                                                                                                                                                                                   

13 rows selected.

SQL> SELECT ENAME,DEPTNO
  2  FROM EMP
  3  WHERE JOB IN(SELECT JOB
  4               FROM EMP
  5               WHERE ENAME='JONES');

ENAME          DEPTNO                                                                                                                                                                                   
---------- ----------                                                                                                                                                                                   
CLARK              10                                                                                                                                                                                   
BLAKE              30                                                                                                                                                                                   
JONES              20                                                                                                                                                                                   

SQL> SELECT ENAME,JOB
  2  FROM EMP
  3  WHERE JOB IN(SELECT JOB
  4               FROM EMP
  5               WHERE ENAME='JAMES');

ENAME      JOB                                                                                                                                                                                          
---------- ---------                                                                                                                                                                                    
MILLER     CLERK                                                                                                                                                                                        
JAMES      CLERK                                                                                                                                                                                        
ADAMS      CLERK                                                                                                                                                                                        
SMITH      CLERK                                                                                                                                                                                        

SQL> SELECT EMPNO,ENAME,SAL*12
  2  FROM EMP
  3  WHERE SAL*12 > (SELECT SAL*12
  4                 FROM EMP
  5                 WHERE ENAME='WARDS');

no rows selected

SQL>
  1  SELECT ENAME,HIREDATE
  2  FROM EMP
  3  WHERE HIREDATE>(SELECT HIREDATE
  4                 FROM EMP
  5*                WHERE JOB = 'PRESIDENT')
SQL> 

ENAME      HIREDATE                                                                                                                                                                                     
---------- ---------                                                                                                                                                                                    
SCOTT      19-APR-87                                                                                                                                                                                    
ADAMS      23-MAY-87                                                                                                                                                                                    
JAMES      03-DEC-81                                                                                                                                                                                    
FORD       03-DEC-81                                                                                                                                                                                    
MILLER     23-JAN-82                                                                                                                                                                                    

SQL> SELECT ENAME,HIREDATE
  2  FROM EMP
  3  WHERE HIREDATE < (SELECT HIREDATE
  4                   FROM EMP
  5                   WHERE ENAME = 'SCOTT');

ENAME      HIREDATE                                                                                                                                                                                     
---------- ---------                                                                                                                                                                                    
SMITH      17-DEC-80                                                                                                                                                                                    
ALLEN      20-FEB-81                                                                                                                                                                                    
WARD       22-FEB-81                                                                                                                                                                                    
JONES      02-APR-81                                                                                                                                                                                    
MARTIN     28-SEP-81                                                                                                                                                                                    
BLAKE      01-MAY-81                                                                                                                                                                                    
CLARK      09-JUN-81                                                                                                                                                                                    
KING       17-NOV-81                                                                                                                                                                                    
TURNER     08-SEP-81                                                                                                                                                                                    
JAMES      03-DEC-81                                                                                                                                                                                    
FORD       03-DEC-81                                                                                                                                                                                    
MILLER     23-JAN-82                                                                                                                                                                                    

12 rows selected.
 
SQL> SELECT ENAME,SAL
  2  FROM EMP
  3  WHERE SAL<(SELECT SAL
  4            FROM EMP
  5            WHERE EMPNO = 7839);

ENAME             SAL                                                                                                                                                                                   
---------- ----------                                                                                                                                                                                   
SMITH             800                                                                                                                                                                                   
ALLEN            1600                                                                                                                                                                                   
WARD             1250                                                                                                                                                                                   
JONES            2975                                                                                                                                                                                   
MARTIN           1250                                                                                                                                                                                   
BLAKE            2850                                                                                                                                                                                   
CLARK            2450                                                                                                                                                                                   
SCOTT            3000                                                                                                                                                                                   
TURNER           1500                                                                                                                                                                                   
ADAMS            1100                                                                                                                                                                                   
JAMES             950                                                                                                                                                                                   
FORD             3000                                                                                                                                                                                   
MILLER           1300                                                                                                                                                                                   

13 rows selected.

SQL> SELECT *
  2  FROM EMO
  3  WHERE HIRDATE<(SELECT HIREDATE
  4                FROM EMP
  5                WHERE ENAME='MILLER');
FROM EMO
     *
ERROR at line 2:
ORA-00942: table or view does not exist 


SQL> EDIT
Wrote file afiedt.buf

  1  SELECT *
  2  FROM EMP
  3  WHERE HIRDATE<(SELECT HIREDATE
  4                FROM EMP
  5*               WHERE ENAME='MILLER')
SQL> /
  1  SELECT *
  2  FROM EMP
  3  WHERE HIREDATE<(SELECT HIREDATE
  4                FROM EMP
  5*               WHERE ENAME='MILLER')
SQL> /

     EMPNO ENAME      JOB              MGR HIREDATE         SAL       COMM     DEPTNO                                                                                                                   
---------- ---------- --------- ---------- --------- ---------- ---------- ----------                                                                                                                   
      7369 SMITH      CLERK           7902 17-DEC-80        800                    20                                                                                                                   
      7499 ALLEN      SALESMAN        7698 20-FEB-81       1600        300         30                                                                                                                   
      7521 WARD       SALESMAN        7698 22-FEB-81       1250        500         30                                                                                                                   
      7566 JONES      MANAGER         7839 02-APR-81       2975                    20                                                                                                                   
      7654 MARTIN     SALESMAN        7698 28-SEP-81       1250       1400         30                                                                                                                   
      7698 BLAKE      MANAGER         7839 01-MAY-81       2850                    30                                                                                                                   
      7782 CLARK      MANAGER         7839 09-JUN-81       2450                    10                                                                                                                   
      7839 KING       PRESIDENT            17-NOV-81       5000                    10                                                                                                                   
      7844 TURNER     SALESMAN        7698 08-SEP-81       1500          0         30                                                                                                                   
      7900 JAMES      CLERK           7698 03-DEC-81        950                    30                                                                                                                   
      7902 FORD       ANALYST         7566 03-DEC-81       3000                    20                                                                                                                   

11 rows selected.

SQL> SELECT ENAME,EMPNO
  2  FROM EMP
  3  WHERE SAL< (SELECT SAL
  4             FROM EMP
  5             WHERE ENAME='ALLEN');

ENAME           EMPNO                                                                                                                                                                                   
---------- ----------                                                                                                                                                                                   
SMITH            7369                                                                                                                                                                                   
WARD             7521                                                                                                                                                                                   
MARTIN           7654                                                                                                                                                                                   
TURNER           7844                                                                                                                                                                                   
ADAMS            7876                                                                                                                                                                                   
JAMES            7900                                                                                                                                                                                   
MILLER           7934                                                                                                                                                                                   

7 rows selected.

SQL> SELECT ENAME,SAL
  2  FROM EMP
  3  WHERE SAL >(SELECT SAL
  4              FROM EMP
  5              WHERE ENAME='MILLER') AND
  6        SAL<(SELECT SAL
  7            FROM EMP
  8            WHERE ENAME='ALLEN');

ENAME             SAL                                                                                                                                                                                   
---------- ----------                                                                                                                                                                                   
TURNER           1500                                                                                                                                                                                   

SQL> SELECT *
  2  FROM EMP
  3  WHERE DEPTNO =20 AND JOB IN(SELECT JOB
  4                              FROM EMP
  5                              WHERE ENAME = 'SMITH');

     EMPNO ENAME      JOB              MGR HIREDATE         SAL       COMM     DEPTNO                                                                                                                   
---------- ---------- --------- ---------- --------- ---------- ---------- ----------                                                                                                                   
      7876 ADAMS      CLERK           7788 23-MAY-87       1100                    20                                                                                                                   
      7369 SMITH      CLERK           7902 17-DEC-80        800                    20                                                                                                                   

SQL> SELECT *
  2  FROM EMP
  3  WHERE JOB = 'MANAGER' AND DEPTNO IN(SELECT DEPTNO
  4                                     FROM EMP
  5                                     WHERE ENAME='TURNER');

     EMPNO ENAME      JOB              MGR HIREDATE         SAL       COMM     DEPTNO                                                                                                                   
---------- ---------- --------- ---------- --------- ---------- ---------- ----------                                                                                                                   
      7698 BLAKE      MANAGER         7839 01-MAY-81       2850                    30                                                                                                                   

SQL>

  1  SELECT ENAME,HIREDATE
  2  FROM EMP
  3  WHERE HIREDATE > '01-JAN-81' AND
  4        HIREDATE<(SELECT HIREDATE
  5                  FROM EMP
  6*                 WHERE ENAME='KING')
SQL> /

ENAME      HIREDATE                                                                                                                                                                                     
---------- ---------                                                                                                                                                                                    
ALLEN      20-FEB-81                                                                                                                                                                                    
WARD       22-FEB-81                                                                                                                                                                                    
JONES      02-APR-81                                                                                                                                                                                    
MARTIN     28-SEP-81                                                                                                                                                                                    
BLAKE      01-MAY-81                                                                                                                                                                                    
CLARK      09-JUN-81                                                                                                                                                                                    
TURNER     08-SEP-81                                                                                                                                                                                    

7 rows selected.
 


SQL> 

  1  SELECT ENAME,SAL,SAL*12
  2  FROM EMP
  3  WHERE SAL<(SELECT SAL
  4             FROM EMP
  5             WHERE ENAME='BLAKE') AND
  6        SAL>(SELECT SAL
  7             FROM EMP
  8*            WHERE SAL>3500)
SQL> /

no rows selected

SQL> SELECT *
  2  FROM EMP
  3  WHERE SAL > (SELECT SAL
  4               FROM EMP
  5               WHERE ENAME='SCOTT')
  6  AND SAL<(SELECT SAL
  7          FROM EMP
  8          WHERE ENAME='KING');

no rows selected

SQL> SELECT ENAME
  2  FROM EMP
  3  WHERE ENAME LIKE 'A%' AND DEPTNO IN(SELECT DEPTNO
  4                                       FROM EMP
  5                                       WHERE ENAME='BLAKE');

ENAME                                                                                                                                                                                                   
----------                                                                                                                                                                                              
ALLEN                                                                                                                                                                                                   

SQL> 
  1  SELECT ENAME,COMM
  2  FROM EMP
  3  WHERE COMM IS NOT NULL AND DEPTNO IN(SELECT DEPTNO
  4                                       FROM EMP
  5*                                      WHERE ENAME='SMITH')
SQL> /

no rows selected

SQL> SELECT *
  2  FROM EMP
  3  WHERE JOB ='CLERK' AND
  4  DEPTNO IN(SELECT DEPTNO
  5            FROM EMP
  6            WHERE ENAME='TURNER');

     EMPNO ENAME      JOB              MGR HIREDATE         SAL       COMM     DEPTNO                                                                                                                   
---------- ---------- --------- ---------- --------- ---------- ---------- ----------                                                                                                                   
      7900 JAMES      CLERK           7698 03-DEC-81        950                    30                                                                                                                   

SQL> 
  1  SELECT ENAME,SAL,JOB,SAL*12
  2  FROM EMP
  3  WHERE SAL*12 >(SELECT SAL*12
  4                FROM EMP
  5                WHERE ENAME='SMITH') AND
  6        SAL*12<(SELECT  SAL*12
  7                FROM EMP
  8*               WHERE ENAME='KING')

ENAME             SAL JOB           SAL*12                                                                                                                                                              
---------- ---------- --------- ----------                                                                                                                                                              
ALLEN            1600 SALESMAN       19200                                                                                                                                                              
WARD             1250 SALESMAN       15000                                                                                                                                                              
JONES            2975 MANAGER        35700                                                                                                                                                              
MARTIN           1250 SALESMAN       15000                                                                                                                                                              
BLAKE            2850 MANAGER        34200                                                                                                                                                              
CLARK            2450 MANAGER        29400                                                                                                                                                              
SCOTT            3000 ANALYST        36000                                                                                                                                                              
TURNER           1500 SALESMAN       18000                                                                                                                                                              
ADAMS            1100 CLERK          13200                                                                                                                                                              
JAMES             950 CLERK          11400                                                                                                                                                              
FORD             3000 ANALYST        36000                                                                                                                                                              
MILLER           1300 CLERK          15600                                                                                                                                                              

12 rows selected.

SQL> SPOOL OFF
